{
  "bm25": {
    "recall@5": 0.1733333333333334,
    "recall@10": 0.19555555555555557
  },
  "faiss": {
    "recall@5": 0.12888888888888886,
    "recall@10": 0.15111111111111114
  },
  "hybrid": {
    "recall@5": 0.1566666666666667,
    "recall@10": 0.17333333333333337
  }
}